owner,repo
bchiang7,v4
emmabostian,developer-portfolios
LimaRAF,plantR
Model-R,modleR
hollyschinsky,PushNotificationSample
cyanogen,uchroma
lissy93,personal-security-checklist
lissy93,dashy
lissy93,twitter-sentiment-visualisation
jpacsai,Memory_game
k88hudson,git-flight-rules
carpedm20,DCGAN-tensorflow
carpedm20,emoji
sdras,night-owl-vscode-theme
xtaci,kcp-go
xtaci,kcptun
xtaci,smux
alyssaxuu,screenity
alyssaxuu,flowy
jessfraz,dockerfiles
audreyfeldroy,cookiecutter-pypackage
jlord,git-it-electron
jlord,sheetsee.js
notwaldorf,tiny-care-terminal
una,CSSgram
jart,cosmopolitan
loiane,javascript-datastructures-algorithms
audreyt,ethercalc
audreyt,node-webworker-threads
stubbornella,oocss
lpereira,hardinfo
leahneukirchen,mblaze
zkat,miette
Armour,vue-typescript-admin-template
fool2fish,dragon-book-exercise-answers
olado,doT
soruly,trace.moe
jennybc,happy-git-with-r
88250,lute
88250,solo
REMitchell,python-scraping
nihui,waifu2x-ncnn-vulkan
Junnplus,blog
acgotaku,115
acgotaku,BaiduExporter
mxriverlynn,Albacore
zythum,mama2
cbfinn,maml
cbfinn,gps